zone,borough,zone_name,intra_zone_trips,intra_paid_share,pickups,pickup_paid_share,crz_status
211,Manhattan,SoHo,1428,0.9929971988795518,114217,0.995070786310269,crz
231,Manhattan,TriBeCa/Civic Center,10573,0.9927172987799111,222525,0.9924682619930345,crz
163,Manhattan,Midtown North,2253,0.9920106524633822,156988,0.9959232552806584,crz
161,Manhattan,Midtown Center,3987,0.9917231000752446,228963,0.9958115503378275,crz
68,Manhattan,East Chelsea,5455,0.9913840513290559,209632,0.9953346817279805,crz
113,Manhattan,Greenwich Village North,1841,0.9913090711569799,120712,0.9947229770031148,crz
158,Manhattan,Meatpacking/West Village West,1900,0.9910526315789474,110853,0.9913489035028371,crz
249,Manhattan,West Village,3563,0.9907381420151558,177124,0.9952632054379983,crz
79,Manhattan,East Village,7722,0.98989898989899,248641,0.995664431851545,crz
230,Manhattan,Times Sq/Theatre District,5004,0.9890087929656275,229698,0.9969873486055604,crz
148,Manhattan,Lower East Side,4178,0.988750598372427,198868,0.9958716334453004,crz
48,Manhattan,Clinton East,4698,0.9887186036611324,182334,0.9961554071100288,crz
229,Manhattan,Sutton Place/Turtle Bay North,1361,0.988243938280676,112196,0.994990908766801,crz
107,Manhattan,Gramercy,2536,0.9881703470031545,149964,0.9946987276946467,crz
234,Manhattan,Union Sq,3869,0.9878521581804084,213246,0.9947806758391716,crz
90,Manhattan,Flatiron,2153,0.9874593590339061,132997,0.9945186733535343,crz
246,Manhattan,West Chelsea/Hudson Yards,6034,0.9869075240304939,202955,0.9858096622403981,crz
144,Manhattan,Little Italy/NoLiTa,1805,0.9861495844875346,138126,0.9949321633870524,crz
170,Manhattan,Murray Hill,3121,0.9855815443768023,177113,0.9950257745055416,crz
114,Manhattan,Greenwich Village South,1410,0.9851063829787234,125687,0.9952660179652629,crz
164,Manhattan,Midtown South,2796,0.9849785407725322,193320,0.9960997310159322,crz
50,Manhattan,Clinton West,1585,0.9842271293375394,102836,0.9845579369092535,crz
162,Manhattan,Midtown East,1761,0.9829642248722317,152339,0.995437806471094,crz
100,Manhattan,Garment District,957,0.9822361546499477,105376,0.996355906468266,crz
232,Manhattan,Two Bridges/Seward Park,2001,0.9800099950024987,83439,0.9906039142367478,crz
233,Manhattan,UN/Turtle Bay South,1438,0.9798331015299027,107829,0.9929796251472238,crz
125,Manhattan,Hudson Sq,487,0.9794661190965093,72818,0.9953308247960669,crz
87,Manhattan,Financial District North,1291,0.9790859798605732,115693,0.9894116325101778,crz
137,Manhattan,Kips Bay,1139,0.9780509218612818,105727,0.9924995507297095,crz
13,Manhattan,Battery Park City,1131,0.9743589743589743,84722,0.9589716956634641,crz
45,Manhattan,Chinatown,418,0.9736842105263158,48519,0.9945382221397803,crz
186,Manhattan,Penn Station/Madison Sq West,855,0.9730994152046784,118241,0.9960335247502982,crz
4,Manhattan,Alphabet City,537,0.9720670391061452,59313,0.988805152327483,crz
209,Manhattan,Seaport,243,0.9670781893004116,39945,0.9898360245337339,crz
224,Manhattan,Stuy Town/Peter Cooper Village,179,0.9664804469273743,39928,0.995216389501102,crz
261,Manhattan,World Trade Center,711,0.9578059071729957,69239,0.9676916188853103,crz
88,Manhattan,Financial District South,252,0.9365079365079365,45238,0.9614483398912419,crz
142,Manhattan,Lincoln Square East,2905,0.49466437177280553,124927,0.6955021732691892,buffer
43,Manhattan,Central Park,329,0.4194528875379939,23185,0.6383006254043563,buffer
143,Manhattan,Lincoln Square West,2571,0.3115519253208868,99443,0.644509920255825,buffer
237,Manhattan,Upper East Side South,9033,0.30776043396435293,160164,0.6474551085137734,buffer
141,Manhattan,Lenox Hill West,3177,0.15140069247717972,127798,0.5878261005649541,buffer
140,Manhattan,Lenox Hill East,2422,0.1333608587943848,116220,0.5412493546721735,buffer
34,Brooklyn,Brooklyn Navy Yard,118,0.0423728813559322,15713,0.20823521924521096,outside
54,Brooklyn,Columbia Street,71,0.04225352112676056,11464,0.22479064898813678,outside
262,Manhattan,Yorkville East,895,0.03687150837988827,68485,0.4209534934657224,outside
66,Brooklyn,DUMBO/Vinegar Hill,649,0.029275808936825885,71017,0.366081360800935,outside
138,Queens,LaGuardia Airport,917,0.026172300981461286,339129,0.4184336933733181,outside
202,Manhattan,Roosevelt Island,318,0.025157232704402517,12570,0.26085918854415274,outside
263,Manhattan,Yorkville West,2506,0.017956903431763767,105199,0.3987870607135049,outside
146,Queens,Long Island City/Queens Plaza,1191,0.017632241813602016,47850,0.24819226750261233,outside
65,Brooklyn,Downtown Brooklyn/MetroTech,1601,0.01561524047470331,90062,0.22282427660944681,outside
52,Brooklyn,Cobble Hill,400,0.015,31336,0.20200408475874393,outside
151,Manhattan,Manhattan Valley,1111,0.013501350135013501,55436,0.24613969261851504,outside
239,Manhattan,Upper West Side South,3931,0.012973798015772068,117816,0.42353330617233653,outside
238,Manhattan,Upper West Side North,3247,0.012319063751154912,99434,0.3017277792304443,outside
236,Manhattan,Upper East Side North,7347,0.01211378794065605,139438,0.40856151120928297,outside
106,Brooklyn,Gowanus,830,0.012048192771084338,40925,0.10509468540012218,outside
24,Manhattan,Bloomingdale,267,0.011235955056179775,27312,0.22557850029291154,outside
265,N/A,Outside of NYC,223,0.008968609865470852,704,0.03409090909090909,outside
195,Brooklyn,Red Hook,1248,0.00641025641025641,33856,0.17264295841209829,outside
193,Queens,Queensbridge/Ravenswood,1788,0.006152125279642058,27768,0.1316263324690291,outside
256,Brooklyn,Williamsburg (South Side),8342,0.005993766482857828,163652,0.2530430425537115,outside
33,Brooklyn,Brooklyn Heights,3849,0.0059755780722265525,89998,0.2767172603835641,outside
222,Brooklyn,Starrett City,842,0.004750593824228029,23603,0.015421768419268737,outside
40,Brooklyn,Carroll Gardens,1154,0.004332755632582322,46672,0.1866001028453891,outside
153,Manhattan,Marble Hill,252,0.003968253968253968,18277,0.031569732450621,outside
41,Manhattan,Central Harlem,8483,0.003536484734174231,128168,0.12245646339179826,outside
152,Manhattan,Manhattanville,1132,0.0035335689045936395,43602,0.16721710013302143,outside
49,Brooklyn,Clinton Hill,5584,0.0034025787965616047,123549,0.1595318456644732,outside
80,Brooklyn,East Williamsburg,9092,0.0028596568411790586,147957,0.1655075461113702,outside
255,Brooklyn,Williamsburg (North Side),10289,0.002721352901156575,194084,0.23235815420127368,outside
97,Brooklyn,Fort Greene,6528,0.0026041666666666665,128286,0.17410317571675787,outside
73,Queens,East Flushing,815,0.00245398773006135,19899,0.03814262023217247,outside
112,Brooklyn,Greenpoint,18790,0.0024481106971793506,188179,0.21869071469186255,outside
145,Queens,Long Island City/Hunters Point,19446,0.0023141005862388152,163626,0.2550328187451872,outside
75,Manhattan,East Harlem South,8094,0.002223869532987398,124267,0.20101072690255659,outside
166,Manhattan,Morningside Heights,6583,0.002126689958985265,88275,0.22231662418578307,outside
226,Queens,Sunnyside,12597,0.0019845995078193223,116455,0.15846464299514834,outside
85,Brooklyn,Erasmus,3633,0.0019267822736030828,61238,0.05054051405989745,outside
179,Queens,Old Astoria,5213,0.0019182812200268559,67918,0.12959745575546983,outside
189,Brooklyn,Prospect Heights,1699,0.0017657445556209534,72950,0.1273474982864976,outside
132,Queens,JFK Airport,7966,0.0017574692442882249,316465,0.253683661700346,outside
147,Bronx,Longwood,1724,0.0017401392111368909,41157,0.04422091017323906,outside
116,Manhattan,Hamilton Heights,4866,0.0016440608302507192,87770,0.1328358208955224,outside
227,Brooklyn,Sunset Park East,4555,0.0015367727771679472,48938,0.05846172708324819,outside
119,Bronx,Highbridge,3483,0.001435544071202986,64234,0.05051841703770589,outside
42,Manhattan,Central Harlem North,18833,0.0014336536929857166,174469,0.10718809645266494,outside
196,Queens,Rego Park,2863,0.0013971358714634998,49707,0.06345182771038284,outside
83,Queens,Elmhurst/Maspeth,2282,0.0013146362839614374,44029,0.07874355538395149,outside
36,Brooklyn,Bushwick North,13125,0.001219047619047619,156368,0.09242939731914458,outside
74,Manhattan,East Harlem North,10668,0.0012185976752905887,135080,0.11890731418418715,outside
244,Manhattan,Washington Heights South,14382,0.001112501738283966,148316,0.12122090671269452,outside
25,Brooklyn,Boerum Hill,3612,0.0011074197120708748,115089,0.17403053289193582,outside
56,Queens,Corona,2718,0.0011037527593818985,56764,0.053079416531604535,outside
169,Bronx,Mount Hope,5463,0.001098297638660077,91461,0.0355342714380993,outside
98,Queens,Fresh Meadows,931,0.0010741138560687433,18194,0.02979004067274926,outside
70,Queens,East Elmhurst,1879,0.0010643959552953698,42719,0.061167162152672115,outside
243,Manhattan,Washington Heights North,10909,0.0010083417361811348,103752,0.11848446295011181,outside
257,Brooklyn,Windsor Terrace,1077,0.0009285051067780873,29293,0.1278121052811252,outside
17,Brooklyn,Bedford,15097,0.0009273365569318408,162237,0.09673502345334295,outside
180,Queens,Ozone Park,2293,0.0008722197993894462,32504,0.02165887275412257,outside
62,Brooklyn,Crown Heights South,4762,0.0008399832003359933,73190,0.05539008061210548,outside
69,Bronx,East Concourse/Concourse Village,6228,0.0008028259473346178,98853,0.045522138933568025,outside
72,Brooklyn,East Flatbush/Remsen Village,8775,0.0007977207977207978,94000,0.020872340425531915,outside
32,Bronx,Bronxdale,2518,0.0007942811755361397,48727,0.028854639111786075,outside
19,Queens,Bellerose,1261,0.0007930214115781126,17551,0.019486069169847874,outside
84,Staten Island,Eltingville/Annadale/Prince's Bay,1261,0.0007930214115781126,8547,0.023985023985023984,outside
212,Bronx,Soundview/Bruckner,2539,0.0007877116975187081,52239,0.03390187407875342,outside
225,Brooklyn,Stuyvesant Heights,12889,0.0007758553805570642,154213,0.092508413687562,outside
94,Bronx,Fordham South,1298,0.0007704160246533128,40914,0.029647553404702546,outside
157,Queens,Maspeth,3963,0.000757002271006813,60722,0.1033068739501334,outside
37,Brooklyn,Bushwick South,21849,0.000686530275985171,209620,0.10566262761186909,outside
247,Bronx,West Concourse,5922,0.0006754474839581223,95734,0.042127143961393027,outside
188,Brooklyn,Prospect-Lefferts Gardens,15643,0.0006392635683692387,146939,0.053913528743219974,outside
7,Queens,Astoria,27673,0.0006143172044953565,183869,0.13305124844318508,outside
187,Staten Island,Port Richmond,1645,0.0006079027355623101,14476,0.013608731693838076,outside
156,Staten Island,Mariners Harbor,6875,0.0005818181818181818,27059,0.013673823866366088,outside
159,Bronx,Melrose South,7005,0.0005710206995003569,90380,0.0443239654790883,outside
168,Bronx,Mott Haven/Port Morris,12383,0.0005652911249293386,124556,0.0688766498603038,outside
77,Brooklyn,East New York/Pennsylvania Avenue,3678,0.000543773790103317,55672,0.020459117689323177,outside
122,Queens,Hollis,1850,0.0005405405405405405,23081,0.016550409427667778,outside
167,Bronx,Morrisania/Melrose,3735,0.000535475234270415,72909,0.04102374192486524,outside
134,Queens,Kew Gardens,3779,0.0005292405398253506,43264,0.03208210059171598,outside
127,Manhattan,Inwood,3877,0.0005158627805003869,68603,0.08294097925746688,outside
241,Bronx,Van Cortlandt Village,5877,0.0005104645227156713,73458,0.040853276702333303,outside
60,Bronx,Crotona Park East,1988,0.0005030181086519115,44661,0.03342961420478718,outside
160,Queens,Middle Village,4223,0.0004735969689793985,41550,0.07090252707581228,outside
181,Brooklyn,Park Slope,23488,0.0004683242506811989,192026,0.12284274004561882,outside
136,Bronx,Kingsbridge Heights,2387,0.00041893590280687055,51883,0.03797004799259873,outside
174,Bronx,Norwood,7209,0.0004161464835622139,84549,0.024908632863783132,outside
221,Staten Island,Stapleton,4815,0.0004153686396677051,28080,0.021972934472934472,outside
165,Brooklyn,Midwood,7453,0.0004025224741714746,61502,0.04097427725927612,outside
219,Queens,Springfield Gardens South,2498,0.00040032025620496394,36034,0.011072875617472387,outside
228,Brooklyn,Sunset Park West,13070,0.00038255547054322876,97604,0.09037539445104709,outside
182,Bronx,Parkchester,2805,0.00035650623885918,52081,0.038708934160250376,outside
67,Brooklyn,Dyker Heights,2810,0.00035587188612099647,34110,0.07047786572852537,outside
20,Bronx,Belmont,2932,0.00034106412005457026,58354,0.039671659183603526,outside
213,Bronx,Soundview/Castle Hill,11904,0.0003360215053763441,94504,0.030051638025903667,outside
177,Brooklyn,Ocean Hill,5976,0.00033467202141900936,78832,0.037028110412015425,outside
235,Bronx,University Heights/Morris Heights,6214,0.000321853878339234,83390,0.04532917616021106,outside
217,Brooklyn,South Williamsburg,9602,0.0003124349093938763,38777,0.06243391701266215,outside
121,Queens,Hillcrest/Pomonok,3230,0.00030959752321981426,46397,0.034894497489061795,outside
95,Queens,Forest Hills,26241,0.00030486643039518313,129301,0.0608579980046558,outside
173,Queens,North Corona,3374,0.0002963841138114997,47245,0.030733410942956927,outside
208,Bronx,Schuylerville/Edgewater Park,10184,0.0002945797329143755,61577,0.029540250418175616,outside
61,Brooklyn,Crown Heights North,31833,0.0002827254735651682,250669,0.06530125384471155,outside
89,Brooklyn,Flatbush/Ditmas Park,18753,0.0002666240068255746,155384,0.062432425474952376,outside
171,Queens,Murray Hill-Queens,3988,0.00025075225677031093,38037,0.03570207955411836,outside
259,Bronx,Woodlawn/Wakefield,8559,0.00023367215796237878,64614,0.02247191011235955,outside
35,Brooklyn,Brownsville,17131,0.00023349483392679936,118181,0.02071398955838925,outside
130,Queens,Jamaica,17527,0.00022821931876533348,147853,0.016922213279405896,outside
3,Bronx,Allerton/Pelham Gardens,4486,0.00022291573785109228,44187,0.022246362052187295,outside
92,Queens,Flushing,13686,0.00021920210434020167,98822,0.0653498208900852,outside
126,Bronx,Hunts Point,4632,0.0002158894645941278,61194,0.031735137431774356,outside
185,Bronx,Pelham Parkway,4694,0.00021303792074989347,63383,0.032674376410078414,outside
10,Queens,Baisley Park,4875,0.00020512820512820512,61569,0.01767123065178905,outside
149,Brooklyn,Madison,5099,0.00019611688566385565,47384,0.027562046260341044,outside
210,Brooklyn,Sheepshead Bay,10745,0.00018613308515588647,61403,0.02345162288487533,outside
91,Brooklyn,Flatlands,10977,0.0001821991436640248,93317,0.0214966190511911,outside
26,Brooklyn,Borough Park,44936,0.00017803097739006588,109867,0.027014481145384874,outside
139,Queens,Laurelton,5856,0.00017076502732240437,37518,0.009888586811663734,outside
155,Brooklyn,Marine Park/Mill Basin,6298,0.00015878056525881233,53493,0.021666386256145663,outside
206,Staten Island,Saint George/New Brighton,12689,0.00015761683347781543,39462,0.016091429729866706,outside
78,Bronx,East Tremont,6499,0.00015386982612709647,86322,0.031011793053914414,outside
260,Queens,Woodside,6814,0.000146756677428823,82958,0.08477783938860628,outside
16,Queens,Bayside,6902,0.0001448855404230658,37337,0.027345528564158877,outside
198,Queens,Ridgewood,14259,0.0001402622904832036,123355,0.07644602975153014,outside
18,Bronx,Bedford Park,7330,0.00013642564802182812,93485,0.02608974701823822,outside
14,Brooklyn,Bay Ridge,29662,0.00013485267345425124,105649,0.07658378214654185,outside
117,Queens,Hammels/Arverne,8431,0.00011860989206499822,31896,0.017368949084524705,outside
220,Bronx,Spuyten Duyvil/Kingsbridge,8729,0.00011456065986940085,68714,0.052696684809500245,outside
223,Queens,Steinway,17828,0.0001121830827911151,93662,0.08799726676773932,outside
22,Brooklyn,Bensonhurst West,9502,0.00010524100189433803,68291,0.0444714530465215,outside
76,Brooklyn,East New York,64718,9.27099106894527e-05,208602,0.014760165290840932,outside
254,Bronx,Williamsbridge/Olinville,12978,7.705347511172754e-05,95629,0.02147884010080624,outside
39,Brooklyn,Canarsie,41114,7.296784550274846e-05,139066,0.013525951706384019,outside
82,Queens,Elmhurst,16395,6.0994205550472706e-05,136701,0.04852927191461657,outside
129,Queens,Jackson Heights,25741,3.884852958315528e-05,145845,0.058075353971682266,outside
133,Brooklyn,Kensington,1974,0.0,38057,0.0757810652442389,outside
245,Staten Island,West Brighton,1753,0.0,14636,0.02302541678054113,outside
214,Staten Island,South Beach/Dongan Hills,2476,0.0,16982,0.029737368978918856,outside
123,Brooklyn,Homecrest,9518,0.0,61709,0.03712586494676627,outside
21,Brooklyn,Bensonhurst East,5083,0.0,51900,0.037764932562620424,outside
252,Queens,Whitestone,2686,0.0,24677,0.034769218300441704,outside
99,Staten Island,Freshkills Park,4,0.0,382,0.013089005235602094,outside
172,Staten Island,New Dorp/Midland Beach,2053,0.0,12320,0.022483766233766234,outside
9,Queens,Auburndale,1365,0.0,16630,0.029284425736620566,outside
5,Staten Island,Arden Heights,436,0.0,5490,0.01894353369763206,outside
64,Queens,Douglaston,2548,0.0,12266,0.03807272134355128,outside
135,Queens,Kew Gardens Hills,2165,0.0,35363,0.03950456692022736,outside
115,Staten Island,Grymes Hill/Clifton,1532,0.0,17035,0.02201350161432345,outside
44,Staten Island,Charleston/Tottenville,2701,0.0,8215,0.02057212416311625,outside
205,Queens,Saint Albans,13271,0.0,80689,0.01160009418879897,outside
184,Bronx,Pelham Bay Park,73,0.0,3285,0.020395738203957382,outside
154,Brooklyn,Marine Park/Floyd Bennett Field,10,0.0,1176,0.016156462585034014,outside
30,Queens,Broad Channel,22,0.0,771,0.016861219195849545,outside
96,Queens,Forest Park/Highland Park,19,0.0,2003,0.038941587618572145,outside
194,Manhattan,Randalls Island,6,0.0,2794,0.25841088045812455,outside
216,Queens,South Ozone Park,23902,0.0,123371,0.015708715986739185,outside
175,Queens,Oakland Gardens,753,0.0,15416,0.036455630513751947,outside
248,Bronx,West Farms/Bronx River,2302,0.0,47953,0.03907993243384147,outside
250,Bronx,Westchester Village/Unionport,3185,0.0,48734,0.030327902491073994,outside
102,Queens,Glendale,4166,0.0,45357,0.03697334479793637,outside
86,Queens,Far Rockaway,15294,0.0,45156,0.011294180175391974,outside
240,Bronx,Van Cortlandt Park,271,0.0,12578,0.021863571314994435,outside
27,Queens,Breezy Point/Fort Tilden/Riis Beach,50,0.0,557,0.06463195691202872,outside
46,Bronx,City Island,53,0.0,3134,0.03477983407785577,outside
59,Bronx,Crotona Park,15,0.0,2184,0.056776556776556776,outside
57,Queens,Corona,20,0.0,4069,0.02383878102727943,outside
8,Queens,Astoria Park,1,0.0,385,0.10649350649350649,outside
55,Brooklyn,Coney Island,12346,0.0,50525,0.03602177140029688,outside
176,Staten Island,Oakwood,772,0.0,6744,0.037069988137603795,outside
253,Queens,Willets Point,4,0.0,327,0.03669724770642202,outside
51,Bronx,Co-Op City,8993,0.0,74155,0.01866361000606837,outside
197,Queens,Richmond Hill,10918,0.0,83974,0.0218996356014957,outside
53,Queens,College Point,2681,0.0,27558,0.03429131286740692,outside
258,Queens,Woodhaven,7248,0.0,62005,0.031707120393516655,outside
203,Queens,Rosedale,7940,0.0,38109,0.008134561389697972,outside
23,Staten Island,Bloomfield/Emerson Hill,6090,0.0,30751,0.019511560599655295,outside
11,Brooklyn,Bath Beach,1338,0.0,22005,0.04349011588275392,outside
31,Bronx,Bronx Park,42,0.0,5631,0.06002486236902859,outside
204,Staten Island,Rossville/Woodrow,617,0.0,4986,0.031087043722422783,outside
183,Bronx,Pelham Bay,988,0.0,24649,0.0338756136151568,outside
15,Queens,Bay Terrace/Fort Totten,967,0.0,13326,0.03864625544049227,outside
118,Staten Island,Heartland Village/Todt Hill,2730,0.0,19594,0.02730427681943452,outside
81,Bronx,Eastchester,5314,0.0,54771,0.01732668748060105,outside
120,Manhattan,Highbridge Park,5,0.0,1721,0.08832074375363161,outside
111,Brooklyn,Green-Wood Cemetery,5,0.0,551,0.0852994555353902,outside
201,Queens,Rockaway Park,2326,0.0,10224,0.03442879499217527,outside
124,Queens,Howard Beach,4765,0.0,28578,0.023269647980964377,outside
108,Brooklyn,Gravesend,1600,0.0,27856,0.03195002871912694,outside
251,Staten Island,Westerleigh,1507,0.0,14971,0.026317547258032196,outside
178,Brooklyn,Ocean Parkway South,1166,0.0,21080,0.04743833017077799,outside
109,Staten Island,Great Kills,2951,0.0,12835,0.019244253992987924,outside
218,Queens,Springfield Gardens North,3601,0.0,40761,0.011874095336228258,outside
215,Queens,South Jamaica,4491,0.0,60268,0.011880268135660715,outside
58,Bronx,Country Club,126,0.0,6240,0.04038461538461539,outside
38,Queens,Cambria Heights,1561,0.0,24058,0.024274669548590904,outside
207,Queens,Saint Michaels Cemetery/Woodside,2,0.0,3076,0.015604681404421327,outside
190,Brooklyn,Prospect Park,63,0.0,8961,0.08938734516237028,outside
128,Manhattan,Inwood Hill Park,24,0.0,5458,0.10003664345914254,outside
192,Queens,Queensboro Hill,732,0.0,24957,0.03822574828705373,outside
150,Brooklyn,Manhattan Beach,1410,0.0,20004,0.029944011197760446,outside
200,Bronx,Riverdale/North Riverdale/Fieldston,5698,0.0,40044,0.08760363600039955,outside
6,Staten Island,Arrochar/Fort Wadsworth,882,0.0,10961,0.03457713712252532,outside
28,Queens,Briarwood/Jamaica Hills,3459,0.0,48014,0.03440663139917524,outside
47,Bronx,Claremont/Bathgate,2729,0.0,65431,0.027250080237196436,outside
191,Queens,Queens Village,9699,0.0,56253,0.015252519865607168,outside
71,Brooklyn,East Flatbush/Farragut,8134,0.0,81837,0.03262582939257304,outside
242,Bronx,Van Nest/Morris Park,6812,0.0,77960,0.020587480759363775,outside
101,Queens,Glen Oaks,1615,0.0,17648,0.01699909338168631,outside
29,Brooklyn,Brighton Beach,3819,0.0,38502,0.028102436237078594,outside
63,Brooklyn,Cypress Hills,6319,0.0,60810,0.02613057062983062,outside
131,Queens,Jamaica Estates,2715,0.0,30543,0.030612578987001933,outside
93,Queens,Flushing Meadows-Corona Park,127,0.0,5404,0.0649518874907476,outside
110,Staten Island,Great Kills Park,0,,22,0.045454545454545456,outside
264,Unknown,N/A,0,,5,0.0,outside
104,Manhattan,Governor's Island/Ellis Island/Liberty Island,0,,0,,outside
2,Queens,Jamaica Bay,0,,20,0.1,outside
199,Bronx,Rikers Island,0,,4,0.0,outside
103,Manhattan,Governor's Island/Ellis Island/Liberty Island,0,,0,,outside
1,EWR,Newark Airport,0,,1,1.0,crz
12,Manhattan,Battery Park,0,,1322,0.9939485627836612,crz
105,Manhattan,Governor's Island/Ellis Island/Liberty Island,0,,2,1.0,crz
